product,version,break,class def,const,continue,declare,do,echo,expression statement (chain rule),for,foreach,function def,global,goto,halt compiler,if,inline HTML,interface def,trait def,label,namespace,return,static,switch,throw,try/catch,unset,use,while def
CakePHP,1.2.0-0,424,649,0,62,0,3,129,31668,153,751,63,1,0,0,5210,34,0,0,0,0,2872,25,106,0,0,368,0,98
CakePHP,1.2.1-0,423,656,0,63,0,3,129,31865,153,749,63,1,0,0,5210,34,0,0,0,0,2875,25,106,0,0,371,0,98
CakePHP,1.2.2-0,423,668,0,63,0,3,130,32775,153,754,63,1,0,0,5229,34,0,0,0,0,2878,25,106,0,0,376,0,98
CakePHP,1.2.3-0,424,674,0,63,0,3,130,33209,153,758,63,1,0,0,5243,34,0,0,0,0,2887,25,106,0,0,383,0,98
CakePHP,1.2.4-0,441,698,0,65,0,3,140,36371,155,771,63,1,0,0,5302,34,0,0,0,0,2911,25,107,0,0,392,0,98
CakePHP,1.2.5-0,441,705,0,66,0,3,140,36653,155,772,63,1,0,0,5315,34,0,0,0,0,2912,25,107,0,0,395,0,98
CakePHP,1.2.6-0,435,713,0,68,0,3,139,37070,149,773,63,1,0,0,5321,34,0,0,0,0,2924,25,106,0,0,400,0,98
CakePHP,1.2.7-0,436,714,0,68,0,3,140,37348,150,774,63,1,0,0,5340,34,0,0,0,0,2933,25,106,0,0,402,0,98
CakePHP,1.2.8-0,435,714,0,69,0,3,140,37513,150,774,63,1,0,0,5350,34,0,0,0,0,2935,25,106,0,0,402,0,98
CakePHP,1.2.9-0,435,715,0,70,0,3,140,37785,150,775,63,1,0,0,5353,34,0,0,0,0,2941,25,106,0,0,402,0,98
CakePHP,1.2.10-0,435,715,0,70,0,3,140,37895,150,775,63,1,0,0,5357,34,0,0,0,0,2942,27,106,0,0,402,0,98
CakePHP,1.2.11-0,436,715,0,68,0,3,140,38009,150,775,63,1,0,0,5361,34,0,0,0,0,2947,27,107,0,0,403,0,98
CakePHP,1.3.0-0,433,768,0,87,0,3,144,42610,134,776,54,0,0,0,5366,34,0,0,0,0,3077,29,98,0,0,466,0,89
CakePHP,1.3.1-0,429,769,0,91,0,3,142,42829,134,776,54,0,0,0,5364,34,0,0,0,0,3080,29,97,0,0,470,0,91
CakePHP,1.3.2-0,429,769,0,91,0,3,142,42855,134,776,54,0,0,0,5365,34,0,0,0,0,3080,29,97,0,0,470,0,91
CakePHP,1.3.3-0,425,774,0,90,0,3,142,43184,135,777,54,0,0,0,5382,34,0,0,0,0,3107,29,96,0,0,474,0,91
CakePHP,1.3.4-0,426,774,0,90,0,3,142,43437,134,779,54,0,0,0,5398,34,0,0,0,0,3115,29,96,0,0,473,0,91
CakePHP,1.3.5-0,426,777,0,92,0,3,142,43657,134,777,54,0,0,0,5408,34,0,0,0,0,3127,29,96,0,0,470,0,91
CakePHP,1.3.6-0,426,778,0,96,0,3,142,43719,134,778,54,0,0,0,5416,34,0,0,0,0,3131,29,96,0,0,470,0,91
CakePHP,1.3.7-0,426,778,0,96,0,3,142,43970,134,780,54,0,0,0,5425,34,0,0,0,0,3135,30,96,0,0,472,0,91
CakePHP,1.3.8-0,426,778,0,97,0,3,142,44048,134,780,54,0,0,0,5434,34,0,0,0,0,3140,30,96,0,0,473,0,91
CakePHP,1.3.9-0,427,779,0,95,0,3,142,44220,135,784,54,0,0,0,5436,34,0,0,0,0,3140,30,96,0,0,473,0,91
CakePHP,1.3.10-0,427,779,0,95,0,3,146,44243,135,784,54,0,0,0,5438,38,0,0,0,0,3140,30,96,0,0,473,0,91
CakePHP,1.3.11-0,427,782,0,95,0,3,146,44268,135,784,54,0,0,0,5441,39,0,0,0,0,3143,30,96,0,0,473,0,91
CakePHP,1.3.12-0,428,782,0,95,0,3,146,44432,135,784,54,0,0,0,5452,39,0,0,0,0,3149,30,97,0,0,472,0,92
CakePHP,1.3.13-0,429,782,0,95,0,3,146,44509,135,784,54,0,0,0,5455,39,0,0,0,0,3151,30,97,0,0,472,0,92
CakePHP,1.3.14-0,429,786,0,96,0,3,146,44668,134,785,54,0,0,0,5474,39,0,0,0,0,3156,30,97,0,0,473,0,92
CakePHP,1.3.15-0,429,786,0,97,0,3,146,44719,134,788,54,0,0,0,5480,39,0,0,0,0,3159,30,97,0,0,476,0,92
CakePHP,2.0.0-0,305,900,0,123,0,3,101,45794,103,810,35,0,0,0,5107,40,5,0,0,0,3122,11,76,139,35,484,0,82
CakePHP,2.0.1-0,305,901,0,124,0,3,99,46070,104,811,35,0,0,0,5121,38,5,0,0,0,3129,11,76,140,35,485,0,84
CakePHP,2.0.2-0,305,901,0,124,0,3,99,46105,104,812,35,0,0,0,5124,38,5,0,0,0,3129,11,76,140,35,485,0,84
CakePHP,2.0.3-0,305,901,0,126,0,3,101,46020,103,814,35,0,0,0,5140,38,5,0,0,0,3132,11,76,140,37,486,0,83
CakePHP,2.0.4-0,307,902,0,126,0,3,101,46245,103,815,35,0,0,0,5154,38,5,0,0,0,3135,11,77,140,37,487,0,84
CakePHP,2.0.5-0,308,908,0,132,0,3,101,46542,104,818,35,0,0,0,5169,38,6,0,0,0,3143,11,77,141,38,490,0,84
CakePHP,2.0.6-0,309,908,0,134,0,3,101,46695,103,821,35,0,0,0,5187,38,6,0,0,0,3147,11,77,142,38,495,0,85
CakePHP,2.1.0-0,316,969,0,136,0,3,107,49548,103,859,35,0,0,0,5399,39,7,0,0,0,3341,13,81,158,40,529,0,88
CakePHP,2.1.1-0,316,969,0,137,0,3,107,48917,103,861,35,0,0,0,5417,39,7,0,0,0,3338,13,81,158,40,530,0,88
CakePHP,2.1.2-0,316,972,0,137,0,3,107,49058,103,859,35,0,0,0,5427,39,7,0,0,0,3347,14,81,158,40,529,0,89
CakePHP,2.1.3-0,315,972,0,136,0,3,107,49128,103,860,35,0,0,0,5433,39,7,0,0,0,3353,14,81,158,40,534,0,89
CakePHP,2.1.4-0,316,975,0,136,0,3,107,49251,103,862,35,0,0,0,5437,39,7,0,0,0,3356,14,81,157,42,534,0,89
CakePHP,2.2.0-0,315,1004,0,134,0,3,107,52318,103,902,35,0,0,0,5701,38,7,0,0,0,3604,16,81,168,43,559,0,93
CodeIgniter,1.0b,113,32,0,12,0,0,64,2429,56,92,67,22,0,0,861,68,0,0,0,0,575,0,27,0,0,20,0,32
CodeIgniter,1.1b,113,33,0,12,0,0,63,2593,58,93,68,19,0,0,890,67,0,0,0,0,584,0,27,0,0,22,0,36
CodeIgniter,1.2,113,33,0,12,0,0,64,2607,58,95,72,11,0,0,882,69,0,0,0,0,583,0,27,0,0,23,0,37
CodeIgniter,1.3,110,51,0,12,0,0,70,2787,60,110,75,10,0,0,972,74,0,0,0,0,766,1,26,0,0,24,0,38
CodeIgniter,1.3.1,110,52,0,12,0,0,72,2894,60,117,77,12,0,0,1017,77,0,0,0,0,812,1,26,0,0,24,0,38
CodeIgniter,1.3.2,110,52,0,13,0,0,72,2897,60,117,77,12,0,0,1021,77,0,0,0,0,813,1,26,0,0,24,0,38
CodeIgniter,1.3.3,110,52,0,13,0,0,72,2905,61,118,77,12,0,0,1029,77,0,0,0,0,818,1,26,0,0,24,0,38
CodeIgniter,1.4.1,106,54,0,13,0,0,73,3081,62,128,87,4,0,0,1125,77,0,0,0,0,904,4,25,0,0,26,0,39
CodeIgniter,1.5.1,110,67,0,26,0,0,76,3614,68,177,100,8,0,0,1413,77,0,0,0,0,1256,7,25,0,0,25,0,44
CodeIgniter,1.5.2,110,67,0,25,0,0,76,3623,68,178,100,8,0,0,1416,77,0,0,0,0,1257,7,25,0,0,26,0,44
CodeIgniter,1.5.3,110,66,0,25,0,0,76,3586,69,176,100,8,0,0,1419,77,0,0,0,0,1260,7,25,0,0,26,0,44
CodeIgniter,1.5.4,110,67,0,25,0,1,76,3691,68,185,100,8,0,0,1438,77,0,0,0,0,1269,7,25,0,0,27,0,44
CodeIgniter,1.6.0,114,75,0,21,0,1,95,4258,68,227,115,9,0,0,1801,96,0,0,0,0,1423,6,25,0,0,27,0,44
CodeIgniter,1.6.1,114,75,0,21,0,1,95,4321,68,232,116,7,0,0,1836,96,0,0,0,0,1425,6,25,0,0,30,0,44
CodeIgniter,1.6.2,122,75,0,23,0,1,93,4470,67,240,128,9,0,0,1929,96,0,0,0,0,1477,7,26,0,0,32,0,47
CodeIgniter,1.6.3,122,75,0,23,0,2,93,4535,67,235,131,10,0,0,1944,96,0,0,0,0,1483,8,26,0,0,33,0,47
CodeIgniter,1.7.0,116,76,0,28,0,2,93,4658,67,240,140,8,0,0,2089,96,0,0,0,0,1596,9,26,0,0,39,0,41
CodeIgniter,1.7.1,116,76,0,27,0,2,93,4721,67,251,141,9,0,0,2125,96,0,0,0,0,1615,10,26,0,0,39,0,41
CodeIgniter,1.7.2,113,77,0,29,0,2,92,4814,67,266,146,9,0,0,2193,96,0,0,0,0,1657,14,25,0,0,46,0,41
CodeIgniter,1.7.3,113,77,0,29,0,2,92,4814,67,266,146,9,0,0,2193,96,0,0,0,0,1657,14,25,0,0,46,0,41
CodeIgniter,2.0.0,132,84,0,25,0,2,42,5047,68,306,142,9,0,0,2306,20,0,0,0,0,1806,16,27,0,0,42,0,41
CodeIgniter,2.0.1,136,85,0,26,0,2,42,5087,68,308,142,9,0,0,2325,20,0,0,0,0,1823,16,28,0,0,43,0,41
CodeIgniter,2.0.2,137,84,0,25,0,3,42,5097,68,305,141,11,0,0,2325,20,0,0,0,0,1829,15,28,0,0,43,0,41
CodeIgniter,2.0.3,142,88,0,25,0,3,42,5179,68,315,141,11,0,0,2379,20,0,0,0,0,1894,17,28,0,0,46,0,41
CodeIgniter,2.1.2,150,97,0,25,0,3,42,5528,72,334,143,11,0,0,2548,20,0,0,0,0,2069,15,30,0,1,47,0,43
DoctrineORM,1.2.0,248,1526,0,108,0,2,45,23472,36,742,2,1,0,0,2759,2,10,0,0,0,2366,3,96,427,414,152,0,31
DoctrineORM,1.2.1,248,1534,0,108,0,2,45,23556,36,742,2,1,0,0,2761,2,10,0,0,0,2368,3,96,428,414,152,0,31
DoctrineORM,1.2.2,251,1555,0,110,0,2,45,23903,40,757,2,1,0,0,2829,2,10,0,0,0,2402,4,95,430,414,155,0,33
DoctrineORM,1.2.3,222,318,0,99,0,2,5,7593,16,668,1,0,0,0,2647,0,10,0,0,0,2201,1,81,409,86,127,0,24
DoctrineORM,1.2.4,222,318,0,99,0,2,5,7593,16,668,1,0,0,0,2647,0,10,0,0,0,2201,1,81,409,86,127,0,24
DoctrineORM,2.0.0,101,343,0,45,0,1,3,6415,12,637,0,0,0,0,2324,0,17,0,0,330,2264,2,47,340,13,45,226,42
DoctrineORM,2.0.1,101,343,0,46,0,1,3,6450,12,639,0,0,0,0,2338,0,17,0,0,330,2272,2,47,342,15,45,227,42
DoctrineORM,2.0.2,103,343,0,46,0,2,3,6479,13,641,0,0,0,0,2354,0,17,0,0,330,2282,2,47,343,15,45,227,43
DoctrineORM,2.0.3,103,343,0,46,0,2,3,6451,13,641,0,0,0,0,2344,0,17,0,0,330,2290,2,47,344,15,45,227,43
DoctrineORM,2.0.4,103,343,0,47,0,2,3,6469,14,643,0,0,0,0,2355,0,17,0,0,330,2292,2,47,344,15,45,227,43
DoctrineORM,2.0.5,103,347,0,48,0,2,3,6510,13,641,0,0,0,0,2370,0,19,0,0,336,2334,2,48,349,15,46,232,43
DoctrineORM,2.0.6,103,347,0,49,0,2,3,6535,13,647,0,0,0,0,2375,0,20,0,0,337,2328,2,48,352,18,46,236,43
DoctrineORM,2.0.7,103,347,0,50,0,2,3,6552,13,650,0,0,0,0,2386,0,20,0,0,337,2332,2,48,352,18,46,236,43
DoctrineORM,2.1.0,108,384,0,58,0,2,3,7261,15,716,0,0,0,0,2709,0,25,0,0,377,2669,2,52,401,19,47,290,47
DoctrineORM,2.1.1,108,384,0,59,0,2,3,7281,15,717,0,0,0,0,2720,0,25,0,0,377,2672,2,52,400,19,48,292,47
DoctrineORM,2.1.2,108,384,0,59,0,2,3,7296,16,715,0,0,0,0,2731,0,25,0,0,377,2686,2,52,401,19,48,292,48
DoctrineORM,2.1.3,118,385,0,67,0,2,3,7323,16,718,0,0,0,0,2735,0,25,0,0,378,2702,2,55,408,19,48,293,48
DoctrineORM,2.1.4,118,385,0,67,0,2,3,7322,16,718,0,0,0,0,2735,0,25,0,0,378,2702,2,55,408,19,48,293,48
DoctrineORM,2.1.5,118,385,0,67,0,2,3,7331,16,719,0,0,0,0,2741,0,25,0,0,378,2702,2,55,408,19,48,293,48
DoctrineORM,2.1.6,118,385,0,67,0,2,3,7354,16,721,0,0,0,0,2747,0,25,0,0,378,2703,2,55,408,19,48,293,48
DoctrineORM,2.1.7,118,385,0,67,0,2,3,7371,16,721,0,0,0,0,2761,0,25,0,0,378,2704,2,55,408,19,49,293,48
DoctrineORM,2.2.0,193,463,0,132,0,4,3,8345,18,793,0,0,0,0,2987,0,35,0,0,498,3304,2,95,497,24,58,399,52
DoctrineORM,2.2.1,193,463,0,134,0,4,3,8362,18,793,0,0,0,0,3000,0,35,0,0,498,3305,2,95,499,24,59,399,52
DoctrineORM,2.2.2,195,464,0,134,0,4,3,8416,18,796,0,0,0,0,3022,0,35,0,0,499,3317,2,95,501,24,61,399,53
Drupal,4.0.0,43,6,0,0,0,0,7,988,13,32,154,66,0,0,225,4,0,0,0,0,158,2,9,0,0,4,0,20
Drupal,4.1.0,43,6,0,0,0,0,8,1084,16,31,193,77,0,0,258,6,0,0,0,0,189,2,9,0,0,4,0,21
Drupal,4.2.0,42,7,0,0,0,0,7,1323,16,48,216,74,0,0,319,1,0,0,0,0,219,5,9,0,0,10,0,26
Drupal,4.3.0,40,7,0,0,0,2,7,1194,16,52,215,76,0,0,348,1,0,0,0,0,244,10,8,0,0,7,0,22
Drupal,4.3.1,40,7,0,0,0,2,7,1194,16,52,215,76,0,0,348,1,0,0,0,0,244,10,8,0,0,7,0,22
Drupal,4.3.2,40,7,0,0,0,2,7,1197,16,52,215,76,0,0,351,1,0,0,0,0,244,10,8,0,0,7,0,22
Drupal,4.4.0,48,6,0,0,0,3,7,1435,16,61,264,77,0,0,417,0,0,0,0,0,350,15,13,0,0,10,0,25
Drupal,4.4.1,48,6,0,0,0,3,7,1440,16,61,265,77,0,0,419,0,0,0,0,0,353,15,13,0,0,10,0,26
Drupal,4.4.2,47,6,0,0,0,3,7,1439,16,61,265,77,0,0,418,0,0,0,0,0,353,15,13,0,0,10,0,26
Drupal,4.4.3,47,6,0,0,0,3,7,1449,16,61,267,77,0,0,426,0,0,0,0,0,356,16,13,0,0,10,0,26
Drupal,4.5.0,61,6,0,1,0,4,7,2496,20,111,372,82,0,0,688,0,0,0,0,0,507,19,20,0,0,21,0,61
Drupal,4.5.1,61,6,0,1,0,4,7,2502,20,111,373,82,0,0,689,0,0,0,0,0,507,19,20,0,0,20,0,61
Drupal,4.5.2,61,6,0,1,0,4,7,2514,20,111,376,82,0,0,701,0,0,0,0,0,511,20,20,0,0,20,0,61
Drupal,4.5.3,61,6,0,1,0,4,7,2514,20,111,376,82,0,0,701,0,0,0,0,0,511,20,20,0,0,20,0,61
Drupal,4.5.4,61,6,0,1,0,4,7,2506,20,111,375,81,0,0,697,0,0,0,0,0,508,20,20,0,0,20,0,60
Drupal,4.5.5,61,1,0,1,0,4,2,2318,9,117,395,53,0,0,643,0,0,0,0,0,501,23,20,0,0,20,0,54
Drupal,4.5.6,61,1,0,1,0,4,2,2313,9,116,395,53,0,0,639,0,0,0,0,0,499,23,20,0,0,20,0,54
Drupal,4.5.7,61,1,0,1,0,4,2,2311,9,116,395,53,0,0,639,0,0,0,0,0,499,23,20,0,0,20,0,54
Drupal,4.5.8,61,1,0,1,0,4,2,2311,9,116,395,53,0,0,639,0,0,0,0,0,499,23,20,0,0,20,0,54
Drupal,4.6.0,64,6,0,1,0,4,7,2725,22,117,402,77,0,0,752,0,0,0,0,0,546,23,21,0,0,22,0,64
Drupal,4.6.1,64,6,0,1,0,4,7,2743,22,117,405,77,0,0,757,0,0,0,0,0,551,23,21,0,0,22,0,66
Drupal,4.6.2,64,6,0,1,0,4,7,2738,22,117,404,76,0,0,754,0,0,0,0,0,548,23,21,0,0,22,0,65
Drupal,4.6.3,65,1,0,1,0,4,2,2550,11,123,423,48,0,0,702,0,0,0,0,0,543,26,21,0,0,22,0,59
Drupal,4.6.4,65,1,0,1,0,4,2,2545,11,122,422,48,0,0,703,0,0,0,0,0,539,26,20,0,0,22,0,59
Drupal,4.6.5,65,1,0,1,0,4,2,2544,11,122,422,52,0,0,703,0,0,0,0,0,539,26,20,0,0,22,0,59
Drupal,4.6.6,65,1,0,1,0,4,2,2546,11,122,422,52,0,0,704,0,0,0,0,0,539,26,20,0,0,22,0,59
Drupal,4.6.7,65,1,0,1,0,4,2,2549,11,122,422,52,0,0,704,0,0,0,0,0,539,26,20,0,0,23,0,59
Drupal,4.6.8,65,1,0,1,0,4,2,2550,11,122,422,52,0,0,704,0,0,0,0,0,539,26,20,0,0,23,0,59
Drupal,4.6.9,65,1,0,1,0,4,2,2550,11,122,422,52,0,0,704,0,0,0,0,0,539,26,20,0,0,23,0,59
Drupal,4.6.10,65,1,0,1,0,4,2,2558,11,122,427,53,0,0,706,0,0,0,0,0,543,26,20,0,0,23,0,59
Drupal,4.6.11,65,1,0,1,0,4,2,2561,11,122,428,53,0,0,707,0,0,0,0,0,544,26,20,0,0,23,0,59
Drupal,4.7.0,137,0,0,2,0,3,1,3086,15,131,509,71,0,0,990,212,0,0,0,0,657,46,49,0,0,42,0,63
Drupal,4.7.1,141,0,0,2,0,3,1,3113,15,131,513,71,0,0,997,212,0,0,0,0,660,46,51,0,0,42,0,63
Drupal,4.7.2,141,0,0,2,0,3,1,3114,15,131,513,71,0,0,997,212,0,0,0,0,660,46,51,0,0,42,0,63
Drupal,4.7.3,133,0,0,2,0,3,1,3117,15,130,514,71,0,0,1001,212,0,0,0,0,662,47,50,0,0,42,0,63
Drupal,4.7.4,136,0,0,2,0,3,1,3147,15,130,520,72,0,0,1012,212,0,0,0,0,668,48,51,0,0,42,0,63
Drupal,4.7.5,137,0,0,2,0,3,1,3163,15,132,528,72,0,0,1017,212,0,0,0,0,672,48,53,0,0,42,0,63
Drupal,4.7.6,137,0,0,2,0,3,1,3165,15,132,528,72,0,0,1020,212,0,0,0,0,673,48,53,0,0,42,0,63
Drupal,4.7.7,137,0,0,2,0,3,1,3165,15,132,528,72,0,0,1020,212,0,0,0,0,673,48,53,0,0,42,0,63
Drupal,4.7.8,137,0,0,2,0,3,1,3166,15,132,528,72,0,0,1020,212,0,0,0,0,673,48,53,0,0,42,0,63
Drupal,4.7.9,137,0,0,2,0,3,1,3166,15,132,528,72,0,0,1020,212,0,0,0,0,673,48,53,0,0,42,0,63
Drupal,4.7.10,137,0,0,2,0,3,1,3166,15,132,528,72,0,0,1020,212,0,0,0,0,673,48,53,0,0,42,0,63
Drupal,4.7.11,137,0,0,2,0,3,1,3167,15,132,529,72,0,0,1021,212,0,0,0,0,675,48,53,0,0,42,0,63
Drupal,5.0,116,0,0,4,0,3,1,3515,13,164,549,90,0,0,1194,295,0,0,0,0,694,56,36,0,0,50,0,46
Drupal,5.1,116,0,0,4,0,3,1,3518,13,164,549,90,0,0,1195,295,0,0,0,0,694,56,36,0,0,50,0,46
Drupal,5.2,116,0,0,4,0,3,1,3541,13,164,550,91,0,0,1202,295,0,0,0,0,695,57,36,0,0,48,0,46
Drupal,5.3,116,0,0,4,0,3,1,3546,13,164,550,91,0,0,1202,295,0,0,0,0,695,57,36,0,0,48,0,46
Drupal,5.4,116,0,0,4,0,3,1,3547,13,164,550,91,0,0,1201,295,0,0,0,0,694,57,36,0,0,48,0,46
Drupal,5.5,116,0,0,4,0,3,1,3547,13,164,550,91,0,0,1201,295,0,0,0,0,694,57,36,0,0,48,0,46
Drupal,5.6,116,0,0,4,0,3,1,3557,13,164,551,91,0,0,1204,295,0,0,0,0,696,57,36,0,0,48,0,46
Drupal,5.7,116,0,0,4,0,3,1,3557,13,164,551,91,0,0,1204,295,0,0,0,0,696,57,36,0,0,48,0,46
Drupal,5.8,116,0,0,4,0,3,1,3561,13,164,551,91,0,0,1205,295,0,0,0,0,696,57,36,0,0,48,0,46
Drupal,5.9,116,0,0,4,0,3,1,3561,13,164,551,91,0,0,1206,295,0,0,0,0,696,57,36,0,0,48,0,46
Drupal,5.10,116,0,0,4,0,3,1,3562,13,165,552,91,0,0,1208,295,0,0,0,0,698,57,36,0,0,48,0,46
Drupal,5.11,116,0,0,4,0,3,1,3575,13,165,553,91,0,0,1210,295,0,0,0,0,698,57,36,0,0,48,0,46
Drupal,5.12,116,0,0,4,0,3,1,3577,13,165,553,91,0,0,1211,295,0,0,0,0,698,57,36,0,0,48,0,46
Drupal,5.13,116,0,0,4,0,3,1,3579,13,165,554,91,0,0,1212,295,0,0,0,0,700,57,36,0,0,48,0,46
Drupal,5.14,116,0,0,4,0,3,1,3577,13,165,554,91,0,0,1212,295,0,0,0,0,700,57,36,0,0,48,0,46
Drupal,5.15,116,0,0,4,0,3,1,3578,13,165,554,91,0,0,1213,295,0,0,0,0,700,57,36,0,0,48,0,46
Drupal,5.16,116,0,0,4,0,3,1,3577,13,165,554,91,0,0,1213,295,0,0,0,0,700,57,36,0,0,48,0,46
Drupal,5.17,116,0,0,4,0,3,1,3581,13,165,555,91,0,0,1214,295,0,0,0,0,701,57,36,0,0,48,0,46
Drupal,5.18,116,0,0,4,0,3,1,3581,13,165,555,91,0,0,1214,295,0,0,0,0,701,57,36,0,0,48,0,46
Drupal,5.19,116,0,0,4,0,3,1,3582,13,165,555,91,0,0,1214,295,0,0,0,0,701,57,36,0,0,48,0,46
Drupal,5.20,116,0,0,4,0,3,1,3589,13,165,555,91,0,0,1218,295,0,0,0,0,703,57,36,0,0,48,0,46
Drupal,5.21,116,0,0,4,0,3,1,3589,13,165,555,91,0,0,1218,295,0,0,0,0,703,57,36,0,0,48,0,46
Drupal,5.22,116,0,0,4,0,3,1,3599,13,167,556,91,0,0,1223,295,0,0,0,0,703,57,36,0,0,48,0,46
Drupal,5.23,116,0,0,4,0,3,1,3599,13,167,556,91,0,0,1223,295,0,0,0,0,703,57,36,0,0,48,0,46
Drupal,6.0,196,1,0,29,0,7,3,8798,28,459,1192,124,0,0,2491,694,0,0,0,0,1225,90,57,0,0,98,0,138
Drupal,6.1,195,1,0,30,0,7,3,8797,28,459,1192,124,0,0,2489,694,0,0,0,0,1225,90,57,0,0,96,0,138
Drupal,6.2,195,1,0,30,0,7,3,8803,28,459,1193,124,0,0,2495,694,0,0,0,0,1226,90,57,0,0,96,0,138
Drupal,6.3,195,1,0,30,0,7,3,8820,28,458,1195,125,0,0,2503,694,0,0,0,0,1228,90,57,0,0,97,0,138
Drupal,6.4,195,1,0,30,0,7,3,8829,28,460,1197,127,0,0,2506,694,0,0,0,0,1232,90,57,0,0,96,0,138
Drupal,6.5,195,1,0,30,0,7,3,8840,28,460,1198,127,0,0,2511,694,0,0,0,0,1233,90,57,0,0,96,0,139
Drupal,6.6,195,1,0,30,0,7,3,8843,28,460,1198,127,0,0,2512,694,0,0,0,0,1234,90,57,0,0,96,0,139
Drupal,6.7,195,1,0,30,0,7,3,8862,28,462,1201,127,0,0,2522,694,0,0,0,0,1234,90,57,0,0,96,0,139
Drupal,6.8,195,1,0,30,0,7,3,8860,28,462,1201,127,0,0,2522,694,0,0,0,0,1234,90,57,0,0,96,0,139
Drupal,6.9,195,1,0,30,0,7,3,8857,28,462,1201,127,0,0,2521,694,0,0,0,0,1234,89,57,0,0,95,0,139
Drupal,6.10,195,1,0,30,0,7,3,8861,28,462,1201,129,0,0,2522,694,0,0,0,0,1235,88,57,0,0,94,0,139
Drupal,6.11,196,1,0,30,0,7,3,8873,28,462,1203,129,0,0,2523,694,0,0,0,0,1237,89,57,0,0,95,0,139
Drupal,6.12,196,1,0,30,0,7,3,8871,28,462,1203,129,0,0,2520,694,0,0,0,0,1237,89,57,0,0,94,0,139
Drupal,6.13,197,1,0,30,0,7,3,8883,28,464,1204,129,0,0,2523,694,0,0,0,0,1239,90,57,0,0,94,0,139
Drupal,6.14,197,1,0,30,0,7,3,8909,28,465,1205,130,0,0,2532,694,0,0,0,0,1238,90,57,0,0,94,0,138
Drupal,6.15,197,1,0,31,0,7,3,8930,28,466,1205,130,0,0,2539,694,0,0,0,0,1238,90,57,0,0,94,0,138
Drupal,6.16,197,1,0,31,0,8,2,8976,28,468,1211,134,0,0,2562,694,0,0,0,0,1244,92,57,0,0,96,0,139
Drupal,6.17,197,1,0,31,0,8,2,8984,28,469,1211,134,0,0,2565,694,0,0,0,0,1245,94,57,0,0,99,0,139
Drupal,6.18,197,1,0,31,0,8,2,8984,28,469,1211,134,0,0,2565,694,0,0,0,0,1245,94,57,0,0,99,0,139
Drupal,6.19,197,1,0,31,0,8,2,8993,28,469,1212,134,0,0,2568,694,0,0,0,0,1250,95,58,0,0,99,0,139
Drupal,6.20,197,1,0,31,0,8,2,9003,28,471,1212,134,0,0,2573,694,0,0,0,0,1251,95,58,0,0,100,0,139
Drupal,6.21,197,1,0,31,0,8,2,9003,28,471,1212,134,0,0,2573,694,0,0,0,0,1251,95,58,0,0,100,0,139
Drupal,6.22,197,1,0,31,0,8,2,9006,28,471,1212,134,0,0,2573,694,0,0,0,0,1251,95,58,0,0,100,0,139
Drupal,6.23,197,1,0,31,0,8,2,9006,28,471,1212,134,0,0,2574,694,0,0,0,0,1252,95,58,0,0,100,0,139
Drupal,6.24,200,1,0,31,0,8,2,9029,28,472,1218,134,0,0,2576,694,0,0,0,0,1256,95,58,0,0,101,0,139
Drupal,6.25,200,1,0,31,0,8,2,9029,28,472,1218,134,0,0,2576,694,0,0,0,0,1256,95,58,0,0,101,0,139
Drupal,6.26,200,1,0,31,0,8,2,9030,28,472,1218,134,0,0,2576,694,0,0,0,0,1256,95,58,0,0,101,0,139
Drupal,7.0,387,90,0,66,0,13,3,17446,64,1289,2242,151,0,0,4942,793,16,0,0,0,2813,76,105,163,53,270,0,84
Drupal,7.1,387,90,0,66,0,13,3,17446,64,1289,2242,151,0,0,4942,793,16,0,0,0,2813,76,105,163,53,270,0,84
Drupal,7.2,388,90,0,67,0,13,3,17501,64,1286,2254,151,0,0,4949,793,16,0,0,0,2821,79,112,163,53,269,0,84
Drupal,7.3,388,90,0,67,0,13,3,17501,64,1286,2254,151,0,0,4949,793,16,0,0,0,2821,79,112,163,53,269,0,84
Drupal,7.4,389,90,0,68,0,14,3,17527,64,1286,2253,151,0,0,4957,793,16,0,0,0,2820,79,112,170,56,268,0,85
Drupal,7.5,389,90,0,68,0,14,3,17527,64,1286,2253,151,0,0,4957,793,16,0,0,0,2820,79,112,170,56,268,0,85
Drupal,7.6,388,90,0,68,0,14,3,17533,64,1284,2252,151,0,0,4965,793,16,0,0,0,2820,79,112,170,56,269,0,85
Drupal,7.7,388,90,0,68,0,14,3,17533,64,1284,2252,151,0,0,4965,793,16,0,0,0,2820,79,112,170,56,269,0,85
Drupal,7.8,388,94,0,66,0,14,3,17603,64,1292,2259,151,0,0,4993,798,16,0,0,0,2839,81,112,172,57,272,0,83
Drupal,7.9,388,94,0,66,0,15,3,17717,64,1294,2269,151,0,0,5031,798,16,0,0,0,2848,81,112,172,58,273,0,83
Drupal,7.10,388,95,0,66,0,15,3,17791,64,1297,2271,151,0,0,5057,848,16,0,0,0,2855,81,112,171,58,273,0,83
Drupal,7.11,388,94,0,66,0,15,3,17719,64,1294,2269,151,0,0,5034,798,16,0,0,0,2849,81,112,172,58,273,0,83
Drupal,7.12,388,95,0,64,0,15,3,17861,64,1299,2277,151,0,0,5088,849,16,0,0,0,2868,82,113,171,59,272,0,83
Drupal,7.13,389,95,0,64,0,15,3,17865,64,1299,2277,151,0,0,5088,849,16,0,0,0,2865,82,113,171,59,272,0,83
Drupal,7.14,389,95,0,64,0,15,3,17938,64,1306,2281,152,0,0,5111,850,16,0,0,0,2872,81,113,171,60,273,0,83
Gallery,1.5.9,269,82,0,141,0,7,2336,11942,130,404,519,463,0,0,3874,1530,0,0,0,0,1558,25,60,0,0,58,0,89
Gallery,1.5.10,269,82,0,141,0,7,2334,11962,130,406,518,464,0,0,3883,1533,0,0,0,0,1560,25,60,0,0,59,0,89
Gallery,2.2.6,1447,598,0,178,0,9,107,28098,309,1000,223,534,0,0,11893,97,0,0,0,0,7618,117,298,0,3,255,0,267
Gallery,2.3,1490,629,0,194,0,13,117,29715,316,1079,240,588,0,0,12769,119,0,0,0,0,8230,117,309,0,4,259,0,276
Gallery,2.3.1,1490,629,0,194,0,13,117,29728,316,1079,240,588,0,0,12772,119,0,0,0,0,8231,117,309,0,4,259,0,277
Gallery,2.3.2,1490,630,0,194,0,13,117,29771,319,1079,240,588,0,0,12781,119,0,0,0,0,8234,117,309,0,4,259,0,278
Gallery,3.0,831,324,0,42,0,10,79,10405,43,463,45,7,0,0,2979,246,4,0,0,0,1771,22,138,242,91,71,0,37
Gallery,3.0.1,831,331,0,45,0,10,79,10615,45,476,45,9,0,0,3067,248,4,0,0,0,1820,22,139,242,96,72,0,40
Gallery,3.0.2,831,331,0,45,0,11,79,10719,46,483,45,9,0,0,3095,250,4,0,0,0,1826,22,139,242,97,74,0,40
Gallery,3.0.3,831,335,0,45,0,11,79,10857,51,484,45,9,0,0,3119,250,4,0,0,0,1849,22,139,242,97,74,0,42
Gallery,3.0.4,835,337,0,46,0,11,79,10895,51,485,45,9,0,0,3143,250,4,0,0,0,1857,22,140,244,98,74,0,43
Joomla,1.5.26,1401,735,0,171,0,18,5435,38349,550,1000,456,456,0,0,11102,6400,0,0,0,0,6298,135,345,0,0,279,0,222
Joomla,2.5.4,894,984,0,188,1,17,7719,42338,274,1383,111,4,0,0,11730,11149,2,0,0,0,6426,121,223,322,77,336,0,142
Kohana,3.2,68,340,0,22,0,12,195,5190,23,279,33,4,0,0,1559,409,15,0,0,0,1593,22,17,136,49,48,0,24
MediaWiki,1.3.11,153,257,0,60,0,13,103,14435,80,361,397,1629,0,0,3533,78,0,0,0,0,3334,20,33,0,0,38,0,161
MediaWiki,1.3.12,153,257,0,60,0,13,103,14433,80,361,397,1629,0,0,3532,78,0,0,0,0,3334,20,33,0,0,38,0,161
MediaWiki,1.3.13,153,257,0,60,0,13,103,14436,80,361,397,1629,0,0,3532,78,0,0,0,0,3334,20,33,0,0,38,0,161
MediaWiki,1.3.15,153,257,0,60,0,13,103,14439,80,361,397,1629,0,0,3533,78,0,0,0,0,3334,20,33,0,0,38,0,161
MediaWiki,1.3.18,153,257,0,60,0,13,103,14444,78,363,397,1629,0,0,3534,78,0,0,0,0,3334,20,33,0,0,38,0,161
MediaWiki,1.4.4,157,248,0,100,0,13,157,16177,96,435,397,1536,0,0,4027,348,0,0,0,0,3189,41,37,0,0,32,0,169
MediaWiki,1.4.5,157,251,0,100,0,13,157,16171,97,437,394,1546,0,0,4029,348,0,0,0,0,3212,41,38,0,0,36,0,171
MediaWiki,1.4.7,164,252,0,101,0,13,166,16254,98,440,395,1561,0,0,4059,348,0,0,0,0,3245,41,44,0,0,36,0,170
MediaWiki,1.4.9,164,252,0,101,0,13,166,16262,98,440,395,1561,0,0,4059,348,0,0,0,0,3247,41,44,0,0,36,0,170
MediaWiki,1.4.12,164,252,0,101,0,13,166,16266,96,442,395,1561,0,0,4060,348,0,0,0,0,3247,41,44,0,0,36,0,170
MediaWiki,1.4.13,164,252,0,101,0,13,166,16267,96,442,395,1561,0,0,4060,348,0,0,0,0,3248,41,44,0,0,36,0,170
MediaWiki,1.4.14,164,252,0,101,0,13,166,16268,96,442,395,1561,0,0,4060,348,0,0,0,0,3248,41,44,0,0,36,0,170
MediaWiki,1.4.15,164,252,0,101,0,13,166,16268,96,442,395,1561,0,0,4060,348,0,0,0,0,3248,41,44,0,0,36,0,170
MediaWiki,1.5.2,306,298,0,121,0,15,351,19019,105,477,427,1473,0,0,4706,436,0,0,0,0,3537,43,97,0,0,49,0,204
MediaWiki,1.5.5,305,303,0,119,0,14,358,18957,103,479,427,1474,0,0,4692,436,0,0,0,0,3542,43,97,0,0,49,0,202
MediaWiki,1.5.6,304,303,0,118,0,14,369,18958,103,480,429,1474,0,0,4696,437,0,0,0,0,3546,43,97,0,0,49,0,202
MediaWiki,1.5.8,305,303,0,118,0,14,413,19065,104,481,436,1481,0,0,4723,436,0,0,0,0,3553,43,97,0,0,49,0,208
MediaWiki,1.6.3,364,388,0,145,0,18,468,22696,127,570,508,1602,0,0,5780,487,0,0,0,0,4471,46,119,0,0,53,0,250
MediaWiki,1.6.8,375,389,0,145,0,18,482,22715,125,561,510,1612,0,0,5779,489,0,0,0,0,4480,45,121,0,0,53,0,248
MediaWiki,1.6.10,375,389,0,145,0,18,482,22726,125,561,510,1613,0,0,5783,489,0,0,0,0,4481,45,121,0,0,53,0,248
MediaWiki,1.6.11,373,389,0,145,0,18,482,22732,125,561,510,1613,0,0,5786,489,0,0,0,0,4482,45,120,0,0,53,0,248
MediaWiki,1.6.12,373,389,0,145,0,18,341,22876,125,561,511,1613,0,0,5788,490,0,0,0,0,4482,47,120,0,0,53,0,248
MediaWiki,1.7.1,418,420,0,184,0,19,584,24157,135,601,543,1591,0,0,6252,495,0,0,0,0,5025,47,137,91,6,59,0,273
MediaWiki,1.7.3,418,420,0,184,0,19,584,24165,135,601,543,1591,0,0,6252,495,0,0,0,0,5026,47,137,91,6,59,0,273
MediaWiki,1.8.2,489,419,0,178,0,21,625,26452,144,680,553,1300,0,0,6795,504,1,0,0,0,4694,59,135,99,10,166,0,284
MediaWiki,1.8.4,489,419,0,178,0,21,624,26464,144,680,553,1300,0,0,6800,504,1,0,0,0,4694,59,135,99,10,166,0,284
MediaWiki,1.8.5,489,419,0,178,0,21,624,26465,144,680,553,1300,0,0,6800,504,1,0,0,0,4694,59,135,99,10,166,0,284
MediaWiki,1.9.0,526,460,0,187,0,21,656,27811,145,720,552,1337,0,0,7247,522,1,0,0,0,5009,59,142,110,12,170,0,293
MediaWiki,1.9.1,526,460,0,187,0,21,656,27810,145,720,552,1339,0,0,7248,522,1,0,0,0,5009,59,142,111,12,170,0,293
MediaWiki,1.9.2,526,460,0,187,0,21,656,27814,145,720,552,1339,0,0,7252,522,1,0,0,0,5009,59,142,111,12,170,0,293
MediaWiki,1.9.3,526,460,0,187,0,21,655,27816,145,720,552,1340,0,0,7252,522,1,0,0,0,5009,59,142,111,12,170,0,293
MediaWiki,1.9.4,526,460,0,187,0,21,655,27819,145,720,552,1340,0,0,7253,522,1,0,0,0,5009,59,142,111,12,170,0,293
MediaWiki,1.9.5,526,460,0,187,0,21,655,27822,145,720,552,1340,0,0,7255,522,1,0,0,0,5010,59,142,111,12,170,0,293
MediaWiki,1.9.6,526,460,0,187,0,21,655,27822,145,720,552,1340,0,0,7255,522,1,0,0,0,5010,59,142,111,12,170,0,293
MediaWiki,1.10.0,593,493,0,201,0,22,725,29204,147,766,594,1403,0,0,7667,531,2,0,0,0,5380,65,154,116,13,169,0,312
MediaWiki,1.10.1,593,493,0,201,0,22,725,29248,147,769,595,1405,0,0,7680,531,2,0,0,0,5383,65,154,116,13,169,0,312
MediaWiki,1.10.2,593,493,0,201,0,22,725,29249,147,769,595,1405,0,0,7680,531,2,0,0,0,5383,65,154,116,13,169,0,312
MediaWiki,1.10.3,593,493,0,201,0,22,725,29252,147,769,595,1405,0,0,7682,531,2,0,0,0,5384,65,154,116,13,169,0,312
MediaWiki,1.10.4,593,493,0,201,0,22,725,29252,147,769,595,1405,0,0,7682,531,2,0,0,0,5384,65,154,116,13,169,0,312
MediaWiki,1.11.0,631,531,0,211,0,23,761,31113,153,856,614,1489,0,0,8320,535,2,0,0,0,5866,68,162,142,11,177,0,331
MediaWiki,1.11.1,631,531,0,211,0,23,761,31117,153,856,614,1489,0,0,8322,535,2,0,0,0,5867,68,162,142,11,177,0,331
MediaWiki,1.11.2,631,531,0,211,0,23,761,31119,153,856,614,1489,0,0,8324,535,2,0,0,0,5868,68,162,142,11,177,0,331
MediaWiki,1.12.0,745,594,0,259,0,28,823,35481,176,995,621,1608,0,0,9672,582,5,0,0,0,6711,80,186,183,12,186,0,368
MediaWiki,1.12.1,743,594,0,259,0,28,823,35455,175,992,621,1606,0,0,9665,582,5,0,0,0,6709,80,186,183,12,184,0,368
MediaWiki,1.12.2,747,595,0,269,0,28,825,35561,176,998,622,1608,0,0,9765,582,5,0,0,0,6782,81,185,183,12,184,0,368
MediaWiki,1.12.3,747,595,0,269,0,28,825,35561,176,998,622,1608,0,0,9765,582,5,0,0,0,6782,81,185,183,12,184,0,368
MediaWiki,1.12.4,747,595,0,269,0,28,599,35790,176,998,623,1608,0,0,9767,582,5,0,0,0,6782,83,185,183,12,184,0,368
MediaWiki,1.13.0,806,638,0,291,0,30,902,39025,180,1174,628,1749,0,0,10909,604,6,0,0,0,7557,97,197,216,12,218,0,412
MediaWiki,1.13.1,806,638,0,291,0,30,904,39046,180,1174,628,1749,0,0,10914,604,6,0,0,0,7559,96,197,216,12,218,0,412
MediaWiki,1.13.2,806,638,0,293,0,30,904,39066,180,1176,630,1750,0,0,10925,604,6,0,0,0,7568,97,197,216,12,218,0,412
MediaWiki,1.13.3,810,639,0,303,0,30,906,39172,181,1182,631,1752,0,0,11024,604,6,0,0,0,7642,98,196,216,12,218,0,412
MediaWiki,1.13.4,810,639,0,303,0,30,654,39441,181,1182,632,1752,0,0,11026,604,6,0,0,0,7642,100,196,216,12,218,0,412
MediaWiki,1.13.5,810,639,0,303,0,30,654,39443,181,1183,632,1752,0,0,11026,604,6,0,0,0,7643,100,196,216,12,218,0,412
MediaWiki,1.14.0,746,703,0,315,0,32,718,41258,206,1284,608,1857,0,0,11663,582,6,0,0,0,8095,91,175,231,17,261,0,424
MediaWiki,1.14.1,746,703,0,315,0,32,718,41261,206,1284,608,1857,0,0,11663,582,6,0,0,0,8096,91,175,231,17,261,0,424
MediaWiki,1.15.0,793,723,0,324,1,31,732,42653,205,1330,608,1921,0,0,12164,599,6,0,0,0,8448,97,178,250,19,271,0,428
MediaWiki,1.15.1,793,723,0,324,1,31,732,42653,205,1330,608,1921,0,0,12164,599,6,0,0,0,8449,97,178,250,19,271,0,428
MediaWiki,1.15.2,793,725,0,324,1,31,737,42682,205,1330,608,1921,0,0,12172,599,6,0,0,0,8454,98,178,251,19,271,0,428
MediaWiki,1.15.3,796,725,0,324,1,31,737,42695,205,1330,608,1925,0,0,12178,601,6,0,0,0,8458,98,178,251,19,271,0,428
MediaWiki,1.15.4,796,725,0,323,1,31,737,42713,205,1330,608,1928,0,0,12187,603,6,0,0,0,8466,98,178,250,19,271,0,428
MediaWiki,1.15.5,796,725,0,323,1,31,738,42747,205,1333,608,1931,0,0,12211,603,6,0,0,0,8508,98,178,250,19,271,0,428
MediaWiki,1.16.0,930,915,0,369,1,29,594,46346,205,1537,517,2057,0,0,13230,744,7,0,0,0,9221,109,197,315,37,325,0,401
MediaWiki,1.16.1,930,915,0,368,1,29,594,46362,205,1537,517,2056,0,0,13236,744,7,0,0,0,9240,109,197,315,37,325,0,401
MediaWiki,1.16.2,930,915,0,368,1,29,594,46368,205,1537,517,2056,0,0,13239,744,7,0,0,0,9241,109,197,317,37,325,0,401
MediaWiki,1.16.3,930,915,0,368,1,29,594,46372,205,1537,517,2056,0,0,13244,744,7,0,0,0,9244,109,197,317,37,325,0,401
MediaWiki,1.16.4,930,914,0,368,1,29,594,46373,205,1537,517,2056,0,0,13244,744,7,0,0,0,9244,109,197,317,37,325,0,401
MediaWiki,1.16.5,930,914,0,368,1,29,594,46379,205,1538,517,2056,0,0,13244,744,7,0,0,0,9244,109,197,317,37,325,0,401
MediaWiki,1.17.0,970,1015,0,357,1,37,524,48962,202,1820,350,1995,0,0,14033,634,9,0,0,0,10204,127,198,395,77,350,0,262
MediaWiki,1.17.1,970,1015,0,358,1,37,524,48989,202,1820,350,1996,0,0,14045,634,9,0,0,0,10209,127,198,395,77,350,0,262
MediaWiki,1.17.2,970,1015,0,358,1,37,524,48993,202,1820,350,1996,0,0,14046,634,9,0,0,0,10209,127,198,395,77,350,0,262
MediaWiki,1.17.3,972,1016,0,359,1,37,524,49085,200,1823,351,1997,0,0,14070,634,9,0,0,0,10219,129,198,397,77,351,0,264
MediaWiki,1.17.4,972,1016,0,359,1,37,524,49088,200,1823,351,1997,0,0,14071,634,9,0,0,0,10219,129,198,397,77,351,0,264
MediaWiki,1.17.5,972,1016,0,359,1,37,524,49101,200,1824,351,1997,0,0,14082,634,9,0,0,0,10230,129,198,397,77,351,0,264
MediaWiki,1.18.0,1337,1304,0,421,1,42,474,59949,248,2133,287,2103,0,0,15750,477,11,0,0,0,11731,143,246,678,124,426,0,311
MediaWiki,1.18.1,1337,1304,0,423,1,43,474,59970,248,2132,286,2103,0,0,15758,477,11,0,0,0,11739,143,246,678,124,426,0,311
MediaWiki,1.18.2,1339,1304,0,424,1,43,474,60062,246,2135,287,2104,0,0,15780,477,11,0,0,0,11750,145,246,678,124,427,0,313
MediaWiki,1.18.3,1340,1304,0,424,1,43,472,60145,246,2136,287,2098,0,0,15768,477,11,0,0,0,11740,145,246,677,123,428,0,313
MediaWiki,1.18.4,1340,1304,0,424,1,43,472,60158,246,2137,287,2098,0,0,15779,477,11,0,0,0,11751,145,246,677,123,428,0,313
MediaWiki,1.19.0,1365,1424,0,435,1,45,449,63016,256,2254,289,1859,0,0,16362,472,13,0,0,0,12621,141,247,759,157,506,0,311
MediaWiki,1.19.1,1365,1424,0,435,1,45,449,63069,256,2256,289,1859,0,0,16371,472,13,0,0,0,12632,141,247,759,157,506,0,311
Moodle,1.6.9,2873,418,0,505,0,18,7513,100722,752,3146,3006,2398,0,0,29317,1001,0,0,0,0,10278,202,649,1,5,833,0,598
Moodle,1.7.7,3556,811,0,635,0,29,7528,119450,937,3965,3366,2794,0,0,34645,952,0,0,0,0,13557,254,816,33,10,930,0,654
Moodle,1.8.14,3940,976,0,742,0,38,8302,132473,1002,4509,3573,2919,0,0,37639,1148,1,0,0,0,14825,272,889,119,14,1034,0,704
Moodle,1.9.18,4364,1380,0,1228,0,41,8370,159523,1101,5438,3957,3430,0,0,45414,1148,1,0,0,0,17901,338,993,168,32,1325,0,896
Moodle,2.0.9,5210,3696,0,1679,0,83,10557,217225,1180,7431,3711,5632,0,0,55133,2150,30,0,0,0,28800,378,1196,2772,537,1739,0,763
Moodle,2.1.6,5212,4121,0,1748,0,83,10454,229545,1197,7814,3771,5740,0,0,56889,2166,39,0,0,0,30722,371,1207,3032,572,1759,0,781
Moodle,2.2.3,4995,4164,0,1695,0,89,10347,232457,1147,7770,3683,5826,0,0,56077,2253,43,0,0,3,30188,371,1162,2997,603,1772,3,762
Moodle,2.3,5092,4378,0,1741,0,89,10397,239400,1171,8079,3598,6255,0,0,57189,2252,43,0,0,5,31886,381,1181,3167,661,1789,3,756
PEAR,0.9,102,19,0,9,0,1,0,1004,7,48,2,3,0,0,412,0,0,0,0,0,274,5,26,0,0,10,0,12
PEAR,1.0,110,23,0,30,0,2,0,1835,11,105,3,5,0,0,772,0,0,0,0,0,478,10,26,0,0,20,0,22
PEAR,1.0.1,110,23,0,30,0,2,0,1859,11,108,3,5,0,0,784,0,0,0,0,0,483,10,26,0,0,24,0,23
PEAR,1.1,127,23,0,38,0,3,0,1997,11,123,6,7,0,0,831,0,0,0,0,0,498,10,29,0,0,24,0,24
PEAR,1.2,135,24,0,41,0,3,0,2074,12,123,6,7,0,0,862,0,0,0,0,0,501,10,31,0,0,20,0,25
PEAR,1.2.1,135,24,0,41,0,3,0,2074,12,123,6,7,0,0,862,0,0,0,0,0,501,10,31,0,0,20,0,25
PEAR,1.3,144,25,0,49,0,3,0,2317,14,142,6,6,0,0,1006,0,0,0,0,0,593,12,32,0,0,25,0,28
PEAR,1.3.1,150,26,0,49,0,3,2,2412,14,147,6,6,0,0,1057,0,0,0,0,0,620,12,34,0,0,25,0,29
PEAR,1.3.3,159,27,0,54,0,3,2,2536,14,154,6,6,0,0,1109,0,0,0,0,0,640,13,36,0,0,27,0,29
PEAR,1.3.4,160,28,0,55,0,3,3,2668,14,157,6,7,0,0,1158,0,0,0,0,0,651,12,36,0,0,27,0,30
PEAR,1.3.5,161,28,0,55,0,3,3,2717,15,158,6,7,0,0,1179,0,0,0,0,0,653,12,36,0,0,27,0,30
PEAR,1.3.6,161,28,0,55,0,3,3,2721,15,158,6,7,0,0,1178,0,0,0,0,0,653,12,36,0,0,27,0,30
PEAR,1.4.0,256,69,0,212,0,11,4,7615,15,541,6,8,0,0,4070,0,0,0,0,0,2107,22,51,0,0,161,0,50
PEAR,1.4.1,257,70,0,227,0,11,4,7777,17,547,6,8,0,0,4189,0,0,0,0,0,2143,22,51,0,0,166,0,50
PEAR,1.4.2,257,70,0,229,0,11,4,7800,21,548,6,8,0,0,4208,0,0,0,0,0,2148,22,51,0,0,169,0,50
PEAR,1.4.3,262,71,0,244,0,11,4,7905,21,557,6,8,0,0,4279,0,0,0,0,0,2156,23,51,0,0,173,0,51
PEAR,1.4.4,262,71,0,244,0,11,4,7908,21,557,7,8,0,0,4280,0,0,0,0,0,2157,23,51,0,0,173,0,52
PEAR,1.4.5,262,71,0,244,0,11,4,7912,21,557,7,8,0,0,4286,0,0,0,0,0,2162,23,51,0,0,173,0,52
PEAR,1.4.6,262,71,0,245,0,11,4,7942,21,557,7,8,0,0,4305,0,0,0,0,0,2167,24,51,0,0,174,0,52
PEAR,1.4.7,262,71,0,249,0,11,5,7986,20,559,7,8,0,0,4334,0,0,0,0,0,2178,24,51,0,0,174,0,52
PEAR,1.4.8,264,71,0,250,0,11,5,8000,20,560,7,8,0,0,4370,0,0,0,0,0,2210,24,52,0,0,174,0,52
PEAR,1.4.9,264,71,0,250,0,11,5,8001,20,560,7,8,0,0,4372,0,0,0,0,0,2211,24,52,0,0,174,0,52
PEAR,1.4.10,266,71,0,249,0,12,5,8016,20,560,7,8,0,0,4391,0,0,0,0,0,2223,24,52,0,0,174,0,52
PEAR,1.4.11,266,71,0,249,0,12,5,8016,20,560,7,8,0,0,4392,0,0,0,0,0,2223,24,52,0,0,174,0,52
PEAR,1.5.0,264,71,0,260,0,12,9,8138,18,573,6,8,0,0,4515,0,0,0,0,0,2283,25,51,1,0,177,0,52
PEAR,1.5.1,267,71,0,269,0,14,9,8285,18,591,6,7,0,0,4569,0,0,0,0,0,2300,26,51,1,0,179,0,53
PEAR,1.5.2,268,71,0,262,0,14,9,8275,18,594,6,7,0,0,4568,0,0,0,0,0,2299,26,51,1,0,180,0,53
PEAR,1.5.3,268,71,0,267,0,14,9,8284,18,594,6,7,0,0,4573,0,0,0,0,0,2300,26,51,1,0,180,0,53
PEAR,1.5.4,268,71,0,267,0,14,9,8289,18,594,6,7,0,0,4579,0,0,0,0,0,2306,26,51,1,0,180,0,53
PEAR,1.6.0,287,72,0,277,0,14,9,8473,18,606,6,7,0,0,4671,0,0,0,0,0,2350,26,52,1,0,184,0,53
PEAR,1.6.1,287,72,0,277,0,14,9,8498,18,607,6,7,0,0,4685,0,0,0,0,0,2358,26,52,1,0,184,0,53
PEAR,1.6.2,285,72,0,281,0,14,9,8513,18,608,6,7,0,0,4687,0,0,0,0,0,2360,26,52,1,0,184,0,53
PEAR,1.7.0,285,74,0,281,0,14,9,8560,18,608,6,7,0,0,4711,0,0,0,0,0,2371,27,52,1,0,185,0,53
PEAR,1.7.1,285,74,0,281,0,14,9,8560,18,608,6,7,0,0,4711,0,0,0,0,0,2371,27,52,1,0,185,0,53
PEAR,1.7.2,285,74,0,281,0,14,9,8584,18,609,6,7,0,0,4720,0,0,0,0,0,2373,27,52,1,0,185,0,53
PEAR,1.8.0,263,72,0,265,0,14,9,8240,16,598,4,5,0,0,4532,0,0,0,0,0,2268,28,44,1,0,186,0,49
PEAR,1.8.1,263,72,0,265,0,14,9,8241,16,598,4,5,0,0,4532,0,0,0,0,0,2268,28,44,1,0,186,0,49
PEAR,1.9.0,263,72,0,265,0,14,10,8345,16,601,4,5,0,0,4552,0,0,0,0,0,2281,28,44,1,0,170,0,56
PEAR,1.9.1,264,72,0,265,0,14,10,8348,17,601,4,5,0,0,4553,0,0,0,0,0,2283,28,44,1,0,172,0,56
PEAR,1.9.2,264,72,0,265,0,14,10,8359,17,603,4,5,0,0,4555,0,0,0,0,0,2285,28,44,1,0,172,0,56
PEAR,1.9.3,265,72,0,265,0,14,10,8366,17,604,4,5,0,0,4560,0,0,0,0,0,2289,28,44,1,0,173,0,56
PEAR,1.9.4,265,72,0,266,0,14,10,8365,17,605,4,5,0,0,4559,0,0,0,0,0,2289,28,44,1,0,173,0,56
SilverStripe,2.4.7,782,598,0,157,0,11,361,53479,126,1376,40,136,0,0,7769,45,14,0,0,0,6137,15,127,251,42,185,0,152
Smarty,2.6.26,131,3,0,14,0,0,4,1817,36,70,76,0,0,0,678,0,0,0,0,0,331,7,24,0,0,21,0,8
Smarty,3.0.9,92,95,0,32,0,21,41,3203,29,126,49,0,0,0,1183,1,0,0,0,0,583,7,24,70,4,36,0,33
Smarty,3.1.0,109,112,0,38,0,20,52,3804,30,165,57,0,0,0,1391,0,0,0,0,0,663,7,29,101,14,40,0,42
Smarty,3.1.1,109,112,0,38,0,20,50,3841,30,166,57,0,0,0,1399,0,0,0,0,0,664,7,29,99,14,40,0,42
Smarty,3.1.2,110,112,0,38,0,20,50,3851,30,169,57,0,0,0,1415,0,0,0,0,0,675,17,29,99,14,40,0,42
Smarty,3.1.3,110,112,0,49,0,20,62,3916,27,173,57,0,0,0,1457,0,0,0,0,0,682,18,29,99,14,41,0,42
Smarty,3.1.4,110,112,0,49,0,20,62,3949,27,173,57,0,0,0,1459,0,0,0,0,0,693,18,29,100,14,39,0,42
Smarty,3.1.5,111,112,0,50,0,21,62,3983,27,173,57,0,0,0,1481,0,0,0,0,0,698,18,29,103,15,39,0,42
Smarty,3.1.6,111,112,0,50,0,21,62,3997,27,173,57,0,0,0,1487,0,0,0,0,0,698,18,29,101,15,39,0,42
Smarty,3.1.7,111,112,0,50,0,21,62,4029,27,175,57,0,0,0,1505,0,0,0,0,0,705,18,29,103,15,39,0,40
Smarty,3.1.8,111,112,0,50,0,21,62,4051,27,175,57,0,0,0,1520,0,0,0,0,0,707,18,29,103,15,39,0,40
Smarty,3.1.9,122,112,0,50,0,21,62,4081,27,176,57,0,0,0,1532,0,0,0,0,0,708,18,30,103,15,39,0,40
Smarty,3.1.10,122,112,0,50,0,21,62,4084,27,176,57,0,0,0,1536,0,0,0,0,0,711,18,30,103,15,39,0,40
Smarty,3.1.11,122,112,0,50,0,21,62,4099,27,176,57,0,0,0,1553,0,0,0,0,0,719,20,30,103,15,39,0,40
SquirrelMail,1.4.22,541,22,0,38,0,8,1180,11682,206,244,604,500,0,0,3375,133,0,0,0,0,961,6,94,0,0,88,0,123
Symfony,2.0.12,306,1850,0,217,0,18,118,24304,73,1904,62,2,0,0,7641,179,242,0,0,1715,7751,14,115,1516,171,173,3139,142
ZendFramework,1.0.0,1258,1337,0,113,0,19,284,45887,174,1193,88,9,0,0,5736,59,30,0,0,0,5092,15,229,1328,1234,300,0,168
ZendFramework,1.0.1,1262,1291,0,114,0,20,442,45978,183,1162,89,6,0,0,5658,43,30,0,0,0,4896,12,233,1303,1215,301,0,152
ZendFramework,1.0.2,1289,1336,0,115,0,20,484,47703,193,1207,103,10,0,0,5885,45,30,0,0,0,5051,12,239,1340,1254,327,0,152
ZendFramework,1.0.3,1540,1500,0,114,0,20,631,51971,193,1390,146,17,0,0,6331,79,31,0,0,0,5581,12,295,1384,1304,340,0,153
ZendFramework,1.0.4,1535,1509,0,121,0,20,631,53935,192,1454,146,17,0,0,6547,78,31,0,0,0,5677,12,295,1400,1355,348,0,156
ZendFramework,1.5.0,1689,1922,0,166,0,22,652,71538,224,1879,149,18,0,0,8795,89,43,0,0,0,7487,32,381,1782,1649,534,0,178
ZendFramework,1.5.1,1693,1927,0,167,0,22,652,71666,225,1881,149,18,0,0,8807,89,43,0,0,0,7485,32,381,1783,1649,534,0,178
ZendFramework,1.5.2,1693,1930,0,169,0,22,652,72197,225,1903,149,18,0,0,8899,89,43,0,0,0,7508,34,381,1795,1668,544,0,181
ZendFramework,1.5.3,1722,1938,0,174,0,23,624,73328,228,1936,185,16,0,0,9047,96,43,0,0,0,7635,34,384,1796,1692,549,0,181
ZendFramework,1.6.0,1907,2435,0,240,0,28,652,86585,273,2319,208,16,0,0,11017,99,57,0,0,0,9657,37,439,2052,1845,694,0,211
ZendFramework,1.6.1,1911,2448,0,247,0,28,652,87126,273,2347,208,16,0,0,11108,99,57,0,0,0,9702,37,441,2063,1851,698,0,211
ZendFramework,1.6.2,1922,2461,0,241,0,28,652,87748,276,2363,208,16,0,0,11213,99,57,0,0,0,9769,37,442,2068,1854,698,0,210
ZendFramework,1.7.0,2173,2724,0,254,0,33,665,97335,316,2616,249,30,0,0,12430,110,59,0,0,0,10852,37,501,2242,1932,736,0,230
ZendFramework,1.7.1,2189,2744,0,254,0,33,665,98073,317,2621,249,30,0,0,12534,110,59,0,0,0,10969,37,507,2257,1946,741,0,230
ZendFramework,1.7.2,2230,2774,0,259,0,34,701,100285,319,2492,254,30,0,0,12774,114,60,0,0,0,11124,37,515,2302,1993,758,0,232
ZendFramework,1.7.3,2224,2760,0,258,0,34,696,100113,318,2493,254,30,0,0,12755,114,62,0,0,0,11098,37,514,2299,1986,758,0,232
ZendFramework,1.7.4,2225,2775,0,258,0,34,696,100447,321,2496,254,30,0,0,12823,114,62,0,0,0,11157,37,514,2318,1994,762,0,232
ZendFramework,1.7.5,2236,2785,0,259,0,34,696,101077,322,2484,254,30,0,0,12864,114,62,0,0,0,11141,37,518,2331,2008,762,0,234
ZendFramework,1.7.6,2243,2794,0,258,0,34,695,101346,322,2500,254,30,0,0,12943,114,62,0,0,0,11192,37,520,2347,2012,764,0,241
ZendFramework,1.7.7,2247,2812,0,259,0,34,697,101715,322,2506,251,30,0,0,12998,114,68,0,0,0,11241,37,520,2363,2013,765,0,242
ZendFramework,1.7.8,2253,2859,0,262,0,34,697,102868,322,2519,253,30,0,0,13076,114,71,0,0,0,11333,37,521,2375,2012,770,0,241
ZendFramework,1.7.9,2230,2673,0,249,0,34,690,100737,320,2426,250,30,0,0,12694,114,54,0,0,0,10885,37,514,2295,2011,735,0,228
ZendFramework,1.8.0,2378,3135,0,294,0,36,704,112970,350,2874,254,30,0,0,14419,115,87,0,0,0,12621,37,540,2638,2133,865,0,254
ZendFramework,1.8.1,2381,3149,0,297,0,37,705,113559,350,2912,261,30,0,0,14533,121,87,0,0,0,12678,37,541,2644,2133,869,0,255
ZendFramework,1.8.2,2382,3152,0,297,0,37,705,113772,350,2917,261,30,0,0,14611,121,87,0,0,0,12689,37,541,2647,2134,869,0,255
ZendFramework,1.8.3,2383,3174,0,297,0,37,705,114101,351,2920,261,30,0,0,14649,121,87,0,0,0,12740,37,541,2658,2138,871,0,257
ZendFramework,1.8.4,2381,3185,0,297,0,38,704,114398,354,2923,261,30,0,0,14690,121,87,0,0,0,12777,37,539,2660,2140,879,0,260
ZendFramework,1.8.5,2381,3193,0,299,0,38,704,114763,354,2939,261,30,0,0,14716,121,87,0,0,0,12802,37,539,2664,2143,891,0,260
ZendFramework,1.9.0,2517,3470,0,306,0,42,708,126277,386,3180,271,36,0,0,16430,121,96,0,0,0,14364,37,572,2936,2292,990,0,266
ZendFramework,1.9.1,2518,3472,0,306,0,42,708,126362,386,3180,271,36,0,0,16451,121,97,0,0,0,14367,37,572,2939,2293,989,0,267
ZendFramework,1.9.2,2520,3475,0,310,0,42,708,126745,386,3182,271,36,0,0,16477,121,98,0,0,0,14381,37,573,2940,2298,992,0,267
ZendFramework,1.9.3,2523,3487,0,310,0,42,708,127448,387,3186,271,36,0,0,16548,121,98,0,0,0,14436,37,574,2952,2304,990,0,268
ZendFramework,1.9.4,2532,3491,0,310,0,42,708,127686,387,3196,271,36,0,0,16579,121,101,0,0,0,14455,37,574,2952,2299,990,0,271
ZendFramework,1.9.5,2533,3494,0,310,0,42,707,127950,387,3200,271,36,0,0,16609,122,101,0,0,0,14476,37,574,2951,2300,997,0,271
ZendFramework,1.9.6,2536,3499,0,314,0,42,707,128734,383,3217,271,36,0,0,16661,122,101,0,0,0,14507,37,575,2958,2304,1007,0,272
ZendFramework,1.9.7,2544,3506,0,316,0,42,707,129164,391,3217,271,36,0,0,16742,122,102,0,0,0,14556,37,575,2976,2309,1008,0,274
ZendFramework,1.9.8,2511,3503,0,315,0,42,704,128575,374,3193,233,23,0,0,16643,112,102,0,0,0,14479,37,566,2977,2309,1007,0,266
ZendFramework,1.10.0,2711,4053,0,326,0,43,716,146811,437,3578,226,17,0,0,19328,109,116,0,0,1,16665,37,610,3654,2564,1107,0,280
ZendFramework,1.10.1,2714,4056,0,333,0,43,714,147178,437,3601,226,17,0,0,19405,108,116,0,0,1,16688,37,610,3657,2569,1113,0,280
ZendFramework,1.10.2,2715,4058,0,333,0,43,713,147334,437,3604,226,17,0,0,19428,108,116,0,0,1,16700,37,610,3656,2569,1115,0,280
ZendFramework,1.10.3,2684,4058,0,336,0,43,713,147579,433,3611,224,17,0,0,19500,104,116,0,0,1,16708,37,603,3660,2570,1116,0,278
ZendFramework,1.10.4,2709,4058,0,336,0,43,713,148027,437,3617,226,17,0,0,19571,108,116,0,0,1,16754,37,609,3661,2575,1117,0,281
ZendFramework,1.10.5,2713,4064,0,337,0,43,713,148675,437,3638,226,17,0,0,19660,108,116,0,0,1,16809,37,609,3676,2587,1118,0,282
ZendFramework,1.10.6,2732,4066,0,339,0,43,713,148725,436,3639,226,17,0,0,19696,108,116,0,0,1,16824,37,609,3682,2579,1118,0,282
ZendFramework,1.10.7,2740,4100,0,339,0,43,713,149819,442,3659,226,17,0,0,19784,108,116,0,0,1,16903,37,613,3696,2595,1123,0,282
ZendFramework,1.10.9,2746,4123,0,339,0,43,714,150422,447,3674,226,17,0,0,19896,108,116,0,0,1,16976,37,615,3762,2605,1136,0,281
ZendFramework,1.11.0,2805,4315,0,348,0,43,725,155921,459,3823,232,17,0,0,20835,120,126,0,0,1,17663,37,631,4009,2726,1187,0,287
ZendFramework,1.11.1,2806,4320,0,351,0,43,726,156270,460,3832,232,17,0,0,20882,120,126,0,0,1,17677,37,632,4022,2731,1192,0,287
ZendFramework,1.11.2,2806,4330,0,351,0,43,726,154920,460,3831,232,17,0,0,20904,120,126,0,0,2,17702,37,632,4024,2739,1193,0,287
ZendFramework,1.11.3,2806,4333,0,351,0,43,728,155060,460,3830,232,17,0,0,20925,120,126,0,0,2,17708,37,632,4025,2740,1193,0,287
ZendFramework,1.11.4,2810,4341,0,351,0,43,728,155504,460,3832,232,17,0,0,20979,120,126,0,0,2,17758,37,633,4028,2741,1195,0,287
ZendFramework,1.11.5,2812,4341,0,351,0,43,728,155524,461,3832,232,17,0,0,20984,120,126,0,0,2,17760,37,633,4029,2743,1195,0,287
ZendFramework,1.11.6,2814,4343,0,350,0,43,729,155795,462,3838,232,17,0,0,20999,120,126,0,0,2,17767,37,633,4035,2746,1196,0,287
ZendFramework,1.11.7,2814,4345,0,349,0,43,729,155902,462,3838,232,17,0,0,21001,120,126,0,0,2,17769,37,633,4035,2746,1196,0,288
ZendFramework,1.11.8,2819,4349,0,350,0,43,729,156102,462,3841,232,17,0,0,21019,120,126,0,0,3,17776,37,636,4039,2749,1200,0,290
ZendFramework,1.11.9,2822,4352,0,351,0,43,729,156277,462,3844,232,17,0,0,21034,120,126,0,0,3,17784,37,637,4039,2749,1203,0,290
ZendFramework,1.11.10,2822,4359,0,352,0,43,735,156365,462,3847,232,17,0,0,21041,120,126,0,0,3,17792,37,637,4039,2740,1203,0,290
ZendFramework,1.11.11,2825,4363,0,353,0,43,735,156639,462,3850,232,17,0,0,21072,120,126,0,0,3,17813,37,638,4044,2743,1205,0,290
ZendFramework,1.11.12,2817,4369,0,358,0,43,735,156864,463,3857,232,17,0,0,21078,121,126,0,0,3,17823,37,638,4048,2750,1206,0,289
osCommerce,2.3.1,636,161,0,15,0,9,2107,15699,338,101,332,417,0,0,4074,2327,0,0,0,0,1392,10,138,0,0,40,0,443
phpBB,3,1472,207,0,330,0,60,170,26943,170,1007,481,1012,0,0,7982,27,0,0,0,0,2453,74,368,0,0,484,0,675
phpMyAdmin,2.11.11.3-english,458,29,0,64,0,3,3109,13245,151,361,451,164,0,0,4567,2282,0,0,0,0,910,9,60,0,0,376,0,153
phpMyAdmin,3.5.0-english,502,91,0,116,0,2,4236,20801,308,748,804,274,0,0,6637,3151,0,0,0,0,1881,24,95,1,8,544,0,170product,version,break,class def,const,continue,declare,do,echo,expression statement (chain rule),for,foreach,function def,global,goto,halt compiler,if,inline HTML,interface def,trait def,label,namespace,return,static,switch,throw,try/catch,unset,use,whileproduct,version,break,class def,const,continue,declare,do,echo,expression statement (chain rule),for,foreach,function def,global,goto,halt compiler,if,inline HTML,interface def,trait def,label,namespace,return,static,switch,throw,try/catch,unset,use,while
WordPress,1.5.1.2,262,25,0,20,0,0,872,8480,80,283,566,333,0,0,2529,2200,0,0,0,0,1029,0,58,0,0,34,0,56
WordPress,3.5.2,1035,216,0,352,0,39,2845,38004,147,1483,2517,910,0,0,14169,6275,1,0,0,0,7288,87,241,30,26,428,0,256
WordPress,2.7.1,731,106,0,181,0,31,2287,24394,139,882,1603,684,0,0,8441,4322,0,0,0,0,3998,26,156,0,0,222,0,208
WordPress,1.5.1.1,262,25,0,20,0,0,872,8478,80,283,566,333,0,0,2529,2200,0,0,0,0,1029,0,58,0,0,34,0,56
WordPress,3.5.1,1035,216,0,352,0,39,2837,37966,147,1483,2516,910,0,0,14162,6242,1,0,0,0,7286,87,241,30,26,428,0,256
WordPress,2.9,993,174,0,227,0,37,2456,30760,161,1125,1829,758,0,0,10728,4731,0,0,0,0,5683,50,211,0,0,302,0,246
WordPress,3.3.2,1026,193,0,315,0,39,2793,36101,140,1376,2373,944,0,0,13172,6026,0,0,0,0,6665,67,223,24,11,406,0,262
WordPress,2.3.3,459,66,0,87,0,9,1629,15805,91,583,1087,625,0,0,5041,3064,0,0,0,0,2293,0,109,0,0,110,0,119
WordPress,2.5.1,561,78,0,131,0,20,1737,19924,114,710,1302,610,0,0,6716,3288,0,0,0,0,3299,10,124,0,0,153,0,162
WordPress,2.8,880,167,0,209,0,36,2407,29091,154,1060,1714,724,0,0,10064,4550,0,0,0,0,5322,45,185,0,0,263,0,234
WordPress,3.1.4,1018,189,0,288,0,38,2646,34777,151,1341,2282,935,0,0,12675,5256,0,0,0,0,6490,64,217,0,0,397,0,251
WordPress,1.5.2,262,25,0,21,0,0,873,8525,80,286,567,335,0,0,2540,2206,0,0,0,0,1031,0,58,0,0,36,0,56
WordPress,3.3.1,1025,193,0,314,0,38,2793,36071,140,1374,2372,944,0,0,13160,6024,0,0,0,0,6662,67,223,24,11,406,0,262
WordPress,2.3.2,459,66,0,87,0,9,1629,15799,91,583,1087,625,0,0,5039,3064,0,0,0,0,2291,0,109,0,0,110,0,119
WordPress,2.7,732,106,0,181,0,32,2290,24312,139,880,1598,684,0,0,8395,4322,0,0,0,0,3980,22,156,0,0,220,0,207
WordPress,3.1.3,1011,189,0,286,0,38,2646,34745,151,1340,2282,935,0,0,12659,5256,0,0,0,0,6489,64,216,0,0,390,0,251
WordPress,1.5.1,262,25,0,20,0,0,872,8487,81,282,566,333,0,0,2532,2200,0,0,0,0,1026,0,58,0,0,34,0,56
WordPress,2.1.3,362,53,0,63,0,2,1267,12578,76,453,886,515,0,0,3925,2663,0,0,0,0,1725,0,78,0,0,84,0,85
WordPress,2.6,630,96,0,158,0,29,1849,21310,132,777,1397,624,0,0,7200,3594,0,0,0,0,3527,13,134,0,0,169,0,206
WordPress,3.1.2,1011,189,0,284,0,38,2644,34726,151,1340,2278,936,0,0,12650,5258,0,0,0,0,6483,64,216,0,0,390,0,251
WordPress,2.3.1,459,66,0,84,0,9,1630,15722,91,581,1082,627,0,0,5001,3061,0,0,0,0,2266,0,109,0,0,110,0,119
WordPress,2.1.2,362,53,0,63,0,2,1267,12541,76,453,882,515,0,0,3914,2663,0,0,0,0,1720,0,78,0,0,84,0,85
WordPress,2.5,558,77,0,126,0,20,1728,19857,114,709,1301,608,0,0,6687,3283,0,0,0,0,3307,10,124,0,0,152,0,161
WordPress,3.1.1,1011,189,0,284,0,38,2644,34726,151,1340,2278,936,0,0,12649,5258,0,0,0,0,6483,64,216,0,0,390,0,251
WordPress,2.1.1,362,53,0,63,0,2,1267,12539,76,453,882,515,0,0,3911,2663,0,0,0,0,1720,0,78,0,0,84,0,85
WordPress,2.3,460,66,0,83,0,9,1628,15721,91,581,1079,628,0,0,4994,3061,0,0,0,0,2261,0,109,0,0,109,0,119
WordPress,2.2,413,60,0,69,0,7,1420,14419,90,513,969,588,0,0,4477,2965,0,0,0,0,1997,0,97,0,0,103,0,109
WordPress,2.1,362,53,0,63,0,2,1267,12534,76,453,882,515,0,0,3908,2663,0,0,0,0,1719,0,78,0,0,84,0,85
WordPress,2.0,290,34,0,36,0,3,1103,9772,75,357,682,430,0,0,3096,2349,0,0,0,0,1331,0,65,0,0,52,0,65
WordPress,2.0.11,315,37,0,41,0,3,1207,10974,81,378,739,442,0,0,3418,2490,0,0,0,0,1440,0,70,0,0,54,0,68
WordPress,2.0.10,315,37,0,41,0,3,1202,10919,81,378,739,442,0,0,3414,2483,0,0,0,0,1438,0,70,0,0,54,0,68
WordPress,1.5-strayhorn,252,24,0,20,0,0,891,8293,78,283,549,332,0,0,2439,2205,0,0,0,0,974,0,57,0,0,34,0,56
WordPress,2.8.6,882,167,0,212,0,36,2355,29267,154,1065,1729,725,0,0,10184,4579,0,0,0,0,5389,46,185,0,0,263,0,234
WordPress,2.8.5,881,167,0,212,0,36,2356,29255,154,1063,1728,724,0,0,10175,4579,0,0,0,0,5386,45,185,0,0,263,0,234
WordPress,2.8.4,889,168,0,212,0,36,2423,29290,154,1069,1724,727,0,0,10184,4581,0,0,0,0,5383,45,186,0,0,262,0,234
WordPress,2.8.3,889,168,0,212,0,36,2423,29290,154,1069,1724,727,0,0,10183,4581,0,0,0,0,5382,45,186,0,0,262,0,234
WordPress,2.6.5,630,96,0,158,0,29,1851,21347,132,779,1403,626,0,0,7235,3598,0,0,0,0,3541,13,134,0,0,170,0,205
WordPress,2.8.2,889,168,0,212,0,36,2423,29256,154,1069,1724,727,0,0,10152,4581,0,0,0,0,5382,45,186,0,0,262,0,234
WordPress,2.0.9,315,37,0,41,0,3,1202,10886,81,378,736,442,0,0,3403,2483,0,0,0,0,1434,0,70,0,0,54,0,68
WordPress,2.6.3,630,96,0,158,0,29,1851,21342,132,779,1403,626,0,0,7233,3598,0,0,0,0,3541,13,134,0,0,170,0,205
WordPress,2.8.1,889,168,0,212,0,36,2423,29252,154,1069,1723,726,0,0,10151,4579,0,0,0,0,5382,45,186,0,0,262,0,234
WordPress,2.0.8,315,37,0,41,0,3,1202,10885,81,378,736,442,0,0,3403,2483,0,0,0,0,1434,0,70,0,0,54,0,68
WordPress,2.6.2,630,96,0,158,0,29,1850,21336,132,779,1399,625,0,0,7232,3595,0,0,0,0,3541,13,134,0,0,170,0,206
WordPress,3.4.2,2050,414,0,666,0,78,5700,74648,288,2904,4944,1918,0,0,27536,12368,0,0,0,0,14158,166,476,54,26,838,0,512
WordPress,3.0.6,1019,168,0,261,0,38,2650,33768,153,1274,2210,857,0,0,12187,5630,0,0,0,0,6094,61,212,0,0,366,0,249
WordPress,2.6.1,630,96,0,158,0,29,1849,21317,132,779,1398,624,0,0,7220,3595,0,0,0,0,3541,13,134,0,0,170,0,206
WordPress,2.0.7,315,37,0,40,0,3,1201,10865,80,378,736,442,0,0,3392,2482,0,0,0,0,1429,0,70,0,0,54,0,68
WordPress,3.4.1,1025,207,0,333,0,39,2851,37301,144,1450,2472,959,0,0,13755,6183,0,0,0,0,7076,83,238,27,13,417,0,256
WordPress,2.0.6,315,37,0,40,0,3,1195,10813,80,376,734,442,0,0,3369,2458,0,0,0,0,1427,0,70,0,0,54,0,68
WordPress,3.0.5,1019,168,0,261,0,38,2650,33760,153,1274,2210,857,0,0,12185,5630,0,0,0,0,6094,61,212,0,0,366,0,249
WordPress,3.6,1602,236,0,371,0,49,2783,44470,235,1640,2561,911,0,0,15640,6160,1,0,0,0,7880,195,374,57,35,622,0,327
WordPress,2.0.5,315,37,0,40,0,3,1194,10778,80,376,732,441,0,0,3363,2458,0,0,0,0,1425,0,70,0,0,54,0,68
WordPress,2.2.3,430,60,0,69,0,7,1424,14482,90,515,972,590,0,0,4497,2980,0,0,0,0,2003,0,102,0,0,106,0,111
WordPress,3.0.4,1019,168,0,261,0,38,2650,33755,153,1273,2210,857,0,0,12182,5630,0,0,0,0,6093,61,212,0,0,366,0,249
WordPress,3.5,1033,216,0,351,0,39,2836,37928,147,1482,2515,909,0,0,14130,6240,1,0,0,0,7268,87,241,30,26,426,0,256
WordPress,3.2.1,1016,190,0,303,0,38,2745,35604,143,1369,2331,938,0,0,12943,5927,0,0,0,0,6537,63,219,24,11,406,0,260
WordPress,2.2.2,430,60,0,69,0,7,1424,14467,90,513,971,588,0,0,4489,2980,0,0,0,0,2002,0,102,0,0,103,0,109
WordPress,2.0.4,304,36,0,37,0,3,1172,10455,76,373,722,438,0,0,3304,2403,0,0,0,0,1415,0,68,0,0,54,0,68
WordPress,3.0.3,1019,168,0,261,0,38,2650,33758,153,1273,2210,859,0,0,12184,5630,0,0,0,0,6094,61,212,0,0,366,0,249
WordPress,3.4,1025,207,0,333,0,39,2850,37335,144,1450,2471,959,0,0,13762,6179,0,0,0,0,7080,83,238,27,13,417,0,256
WordPress,3.0.2,1019,168,0,261,0,38,2650,33743,153,1273,2210,859,0,0,12176,5630,0,0,0,0,6092,61,212,0,0,366,0,249
WordPress,2.2.1,430,60,0,69,0,7,1424,14457,90,513,971,588,0,0,4487,2980,0,0,0,0,2002,0,102,0,0,103,0,109
WordPress,1.2.2,239,11,0,6,0,0,834,7422,88,220,494,337,0,0,1904,1583,0,0,0,0,706,0,56,0,0,10,0,29
WordPress,3.3,1025,193,0,314,0,38,2793,36068,140,1374,2371,944,0,0,13155,6022,0,0,0,0,6661,67,223,24,11,406,0,262
WordPress,3.0.1,1020,168,0,261,0,38,2620,33545,153,1265,2186,848,0,0,12096,5581,0,0,0,0,6077,61,212,0,0,366,0,249
WordPress,1.2.1,217,11,0,6,0,0,834,6725,84,206,452,276,0,0,1797,1589,0,0,0,0,620,0,51,0,0,10,0,28
WordPress,3.2,986,187,0,303,0,38,2745,35469,139,1366,2328,936,0,0,12908,5927,0,0,0,0,6495,63,213,24,11,406,0,260
WordPress,1.0.2,231,7,0,8,0,0,868,5690,79,160,403,310,0,0,1566,877,0,0,0,0,563,0,52,0,0,6,0,30
WordPress,2.0.1,303,36,0,37,0,3,1179,10193,76,369,696,439,0,0,3235,2390,0,0,0,0,1379,0,68,0,0,54,0,66
WordPress,3.1,1011,189,0,283,0,38,2644,34702,151,1340,2278,935,0,0,12641,5258,0,0,0,0,6483,64,216,0,0,388,0,251
WordPress,3.0,1020,168,0,260,0,38,2610,33519,153,1265,2184,857,0,0,12074,5579,0,0,0,0,6072,59,212,0,0,366,0,249
WordPress,0.71-gold,153,7,0,5,0,0,654,3968,61,60,236,215,0,0,1033,684,0,0,0,0,350,0,32,0,0,4,0,46
WordPress,1.0.1-miles,231,7,0,8,0,0,867,5670,79,159,403,310,0,0,1563,877,0,0,0,0,563,0,52,0,0,6,0,30
WordPress,1.0-platinum,222,7,0,8,0,0,932,5614,79,156,386,297,0,0,1545,929,0,0,0,0,547,0,50,0,0,6,0,28
WordPress,2.9.2,993,174,0,225,0,37,2458,30798,161,1126,1829,758,0,0,10735,4734,0,0,0,0,5684,50,211,0,0,302,0,246
WordPress,2.9.1,993,174,0,225,0,37,2458,30798,161,1126,1829,758,0,0,10733,4734,0,0,0,0,5683,50,211,0,0,302,0,246
WordPress,1.5.1.3,262,25,0,21,0,0,872,8501,80,285,566,335,0,0,2530,2200,0,0,0,0,1029,0,58,0,0,34,0,56